{"cameraMode":{"drawMode":0,"name":"Shaded","section":"Shading Mode"},"sceneLighting":false,"audioPlay":false,"sceneViewState":{"showFog":true,"showMaterialUpdate":false,"showSkybox":false,"showFlares":true,"showImageEffects":true,"showParticleSystems":true},"in2DMode":false,"pivot":{"x":-1.1576786041259766,"y":0.36094003915786745,"z":-0.2903323769569397},"rotation":{"x":-0.1685734987258911,"y":0.7878246903419495,"z":-0.24656258523464204,"w":-0.538631796836853},"size":2.763165235519409,"orthographic":false}