{"cameraMode":{"drawMode":0,"name":"Shaded","section":"Shading Mode"},"sceneLighting":false,"audioPlay":false,"sceneViewState":{"showFog":true,"showMaterialUpdate":false,"showSkybox":false,"showFlares":true,"showImageEffects":true,"showParticleSystems":true},"in2DMode":false,"pivot":{"x":-0.08118361234664917,"y":1.1830756664276124,"z":-1.4957479238510132},"rotation":{"x":-0.003136479528620839,"y":0.996299147605896,"z":-0.07517298310995102,"w":-0.041568733751773837},"size":0.6631654500961304,"orthographic":false}